{
    "1_AIT_001_PV": 0.002411478622324085,
    "1_AIT_002_PV": 0.006642367103995968,
    "1_AIT_003_PV": 0.00046626654336899505,
    "1_AIT_004_PV": 0.004063513853448308,
    "1_AIT_005_PV": 2.265376808982684e-05,
    "1_FIT_001_PV": 2.0550717271544332e-05,
    "1_LT_001_PV": 0.014127277855313276,
    "2_DPIT_001_PV": 0.6496821024765567,
    "2_LT_001_PV": 0.004299249939749912,
    "2_LT_002_PV": 0.018459102043520182,
    "2_P_003_SPEED": 0.00020617925764275692,
    "2_P_004_SPEED": 0.00024041330342448953,
    "2_PIC_003_PV": 4.7890987618751744e-05,
    "2_PIT_001_PV": 0.033310133779076906,
    "2_PIT_002_PV": 0.05554516030262967,
    "2_PIT_003_PV": 4.8543414939564925e-05,
    "3_AIT_003_PV": 0.02083558635953158,
    "3_AIT_004_PV": 1.16575670425067,
    "3_AIT_005_PV": 2.5347145519896148e-05,
    "3_FIT_001_PV": 2.8082063485328763e-05,
    "3_LT_001_PV": 0.016647112316013752,
    "LEAK_DIFF_PRESSURE": 0.06983737737405517
}